id,nome,faixa_atual,faixa_pretendida,dojo_id
W01,Heloisa Brandao Araujo,Branca,Amarela,D01
W02,Davi Pereira dos Santos,Branca,Amarela,D01
W03,Julia Vitoria Fernandes,Branca,Amarela,D01
W04,Miguel Elias de Brito Lopes Ferreira,Branca,Amarela,D01
W05,Davi Barbosa da Silva,Branca,Amarela,D01
W06,Barbara dos Santos Dias,Branca,Amarela,D01
W07,Eloah dos Santos Dias,Branca,Amarela,D01
W08,Leonardo Catorcena Juan,Branca,Amarela,D01
W09,Sophia Cristina Rodrigues,Branca,Amarela,D01
W10,Maya Duarte Santana da Silva,Amarela,Laranja,D01
W11,Matheus Duarte Santana dos Santos,Laranja,Verde,D01
AY01,Julio Cesar de Moura Junior,Branca,Amarela,D03
AY02,Zaion Oliveira Martins,Branca,Amarela,D03
AY03,Nicoly Gusmao de Brito,Amarela,Laranja,D03
AY04,Murilo Magalhaes Sousa Romualdo,Amarela,Laranja,D03
AY05,Alexandra Mitiko Saito Borja,Amarela,Laranja,D03
AY06,Bruna Baracat de Moraes Novaes,Laranja,Verde,D03
AY07,Pedro Henrique Saito Borja,Laranja,Verde,D03
AY08,Manuela Tiemi Saito Borja,Laranja,Verde,D03
AY09,Vitoria Garcia Nunes,Azul,Roxa,D03
AY10,Alice Baracat de Moraes Novaes,Azul,Roxa,D03
AY11,Odair Rodrigues dos Santos Junior,Azul,Roxa,D03
AY12,Guilherme Stella,Azul,Roxa,D03